question,tag
How do I reset my password?,password_reset_self
What's the process to change my password?,password_reset_self
Where can I reset my password online?,password_reset_self
Can I update my password from the settings page?,password_reset_self
What are the steps to reset password from my account?,password_reset_self
How can I create a new password for my account?,password_reset_self
How do I use the password reset link?,password_reset_self
Where do I find the password reset option?,password_reset_self
How do I set a new password?,password_reset_self
Walk me through changing my password?,password_reset_self
Process to update my password online?,password_reset_self
How can I change my login password?,password_reset_self
Password reset on the website — guide me?,password_reset_self
What's the procedure for changing my password?,password_reset_self
How to do password reset on my own?,password_reset_self
I tried resetting but it says invalid info — what now?,password_reset_failed
The reset link is not working — what do I do?,password_reset_failed
"I entered correct details, but reset still fails. Why?",password_reset_failed
"Password reset says ""expired token"" — what should I do?",password_reset_failed
"Tried to reset, got an error message — help?",password_reset_failed
The reset email arrived but the link doesn't work.,password_reset_failed
Even with the correct OTP my password reset is failing.,password_reset_failed
The reset attempt errored out — can someone help?,password_reset_failed
The reset page keeps loading — what's wrong?,password_reset_failed
My password reset is rejected even with correct info.,password_reset_failed
The reset is failing repeatedly — what's the next step?,password_reset_failed
"After my password reset attempt, the system shows an error.",password_reset_failed
Why is my reset not going through?,password_reset_failed
"Tried reset multiple times, all failed — why?",password_reset_failed
"Got ""operation failed"" on password reset.",password_reset_failed
Can you reset my password for me?,password_reset_help_request
Please reset my password from your end.,password_reset_help_request
Could the support team reset my password right now?,password_reset_help_request
I need you to help reset my password.,password_reset_help_request
Can you do the password reset on my behalf?,password_reset_help_request
Please help me by resetting my password.,password_reset_help_request
Could you reset my password manually?,password_reset_help_request
Can the team reset my password for me directly?,password_reset_help_request
I'd like an agent to reset my password.,password_reset_help_request
Please initiate the password reset for me.,password_reset_help_request
"Reset my password please, I can't do it myself.",password_reset_help_request
Can someone from support reset my account password?,password_reset_help_request
Please process my password reset.,password_reset_help_request
Can you handle my password reset right away?,password_reset_help_request
Could you complete the password reset on my account?,password_reset_help_request
